Source,https://words.hk/faiman/analysis/charcount/
"
",99169
"",99169
 ,57631
0,5846
P,1238
o,16373
s,11695
t,14216
—,907
、,8199
。,78754
「,24910
」,24884
一,41901
丈,55
上,8516
下,9065
不,12541
世,3211
並,882
中,6762
之,8347
乜,2006
九,793
了,2222
事,6464
二,2198
五,1348
亞,526
交,1180
亦,3558
人,26795
今,2836
仍,1037
他,2438
代,2002
以,14504
仲,5390
任,1497
份,1686
企,1790
伐,49
伯,357
估,1022
但,10168
位,2075
低,1742
住,7155
何,1716
作,3154
你,24328
佢,21591
來,4556
例,1371
供,327
依,3517
便,536
係,60185
保,1026
俠,54
信,2092
俱,70
個,27236
倪,39
值,790
做,7772
偷,376
傳,1181
價,863
充,414
先,5651
入,4938
全,3640
兩,3465
八,1007
兵,291
其,6668
典,478
再,4976
出,9672
刀,346
分,4156
切,913
判,335
別,1150
利,1405
到,19257
制,868
刻,2256
則,738
前,3864
創,336
劃,308
劇,598
劍,174
加,2645
勝,356
匠,38
匡,39
區,912
十,3149
千,1048
南,417
印,476
即,3490
又,8602
友,2964
反,2200
叔,600
取,595
受,1772
口,3139
古,702
句,2310
另,1337
只,5671
叫,3321
可,11674
史,914
各,886
合,1496
同,15304
名,1994
否,417
告,490
呢,14928
周,571
味,903
咁,17052
和,766
咩,6829
咪,3133
品,1214
哈,2613
哼,168
唔,35486
唯,454
商,472
問,4772
啦,7259
啲,6992
善,365
單,1970
嗯,173
嘻,203
器,273
噱,6
四,1707
國,3455
在,3051
地,10402
圾,298
坐,1065
垃,301
埋,3523
埠,14
執,622
基,904
堅,450
堆,663
報,1004
場,1965
填,202
壇,117
外,2558
多,9955
夠,1962
大,14640
天,2661
套,648
好,25039
如,7019
始,2274
威,440
媒,174
子,2605
字,2871
孫,149
學,5446
宇,141
安,1336
完,3883
宙,85
定,4896
家,9128
容,1173
富,358
寢,23
實,6141
寫,2588
將,2608
專,589
對,6227
小,3443
少,3987
尖,249
尚,195
尤,367
就,18341
尾,653
屋,1595
山,904
左,7146
巨,135
己,6161
已,5431
市,1120
師,1267
常,1950
干,121
年,5848
幻,258
幾,6624
底,976
府,654
度,5336
庸,123
廢,484
廣,1138
引,647
強,1075
形,955
彩,446
影,1442
往,758
後,9615
得,13316
從,1403
心,6440
必,1064
忘,255
快,2226
怕,617
悉,155
悟,120
情,3577
想,6333
意,5370
態,702
慘,396
憂,102
應,3429
懶,269
成,6465
我,45209
或,2553
戶,141
所,6261
手,4460
才,559
打,4127
扣,116
折,176
拖,588
拗,114
拳,205
持,1107
指,1218
挽,48
推,886
提,1350
插,355
換,689
搞,1790
搵,2238
摸,260
播,275
撻,61
擁,176
擔,452
據,568
擦,105
擾,112
收,1485
改,1016
政,1555
故,1121
敢,448
散,518
數,2037
文,5973
斗,56
料,609
斯,638
斷,1076
方,3688
於,5076
旁,260
旅,313
旋,93
族,450
既,18308
日,6929
早,1340
明,3915
昔,34
是,4743
時,9520
暢,85
曉,97
曲,362
更,2465
曾,618
最,5357
會,16021
月,1377
有,27113
望,3148
朝,425
期,1820
未,2789
本,4772
杯,405
東,1385
林,1874
果,7996
根,1429
格,961
梗,483
條,2618
業,1096
極,1185
概,674
槍,227
樂,1193
樣,6247
橋,281
機,2891
欄,78
次,4103
歡,442
正,3479
此,1340
武,349
歷,755
歸,411
死,3258
比,2225
毫,377
民,1922
氣,2317
水,2471
永,471
求,1301
江,175
沫,41
沽,15
況,924
泉,59
法,3929
泡,103
洋,331
活,1156
流,1354
深,1216
混,207
渡,108
港,4609
準,654
滿,870
演,635
濟,458
濫,57
瀾,25
炸,362
為,9785
無,12931
然,11312
照,793
熟,525
爆,816
爬,85
爭,697
片,776
版,420
物,1744
獨,620
王,923
現,3267
理,3746
環,729
甚,2118
生,7702
用,5783
由,2260
界,1991
留,1252
番,2049
當,5242
白,1994
百,1046
盛,182
盡,838
直,2420
相,3176
看,649
真,8620
睇,6020
矣,67
知,7868
短,602
破,537
碰,74
禧,12
科,877
稅,72
種,2676
稱,559
稿,95
究,1447
空,934
穿,329
立,1150
竟,2282
章,406
竽,3
笑,2694
笠,54
第,2317
筆,467
等,2569
答,1160
算,2968
管,518
簡,1004
米,428
粗,390
約,596
紙,691
絕,1059
經,7150
緝,8
繼,1608
續,1775
罕,53
罵,80
美,1457
老,4273
者,3786
而,7549
聚,218
聲,3764
聽,3040
肚,291
肯,808
背,639
胸,216
能,4557
腦,916
腰,111
腳,729
臉,420
臨,278
自,9685
臭,162
至,3277
致,431
與,885
興,780
舞,279
色,1883
花,1305
荒,105
華,625
萬,1286
著,1521
蔡,41
薄,183
藏,160
藝,610
藥,228
蘭,281
虎,125
虛,293
號,665
蛇,153
蝦,109
蟹,26
蟻,29
行,4347
衞,34
被,1175
製,289
西,1718
要,12752
見,4694
規,472
覺,4170
言,1913
討,409
記,2178
評,497
詞,1142
話,10112
該,2334
認,1796
誕,123
語,3509
說,1900
調,758
談,360
論,1740
謀,110
謂,1000
講,11057
證,679
識,3007
變,2653
象,688
貨,413
貶,50
費,595
賣,617
質,641
贏,298
走,2671
起,3760
超,758
趣,556
足,1075
跡,177
身,3867
躲,15
較,666
輩,145
輪,427
辛,274
辣,87
辯,152
迎,259
返,3928
迴,125
追,864
透,350
逐,298
通,2623
連,1832
遊,790
過,10468
道,3912
違,107
遠,1105
還,844
邊,4250
部,2247
都,25591
配,378
酸,101
醉,219
醫,801
采,45
重,2679
野,3473
量,863
金,1476
鈔,24
銅,95
錢,1646
鍾,1068
鐵,548
鑿,38
長,2196
開,6250
閒,374
間,4479
闆,307
關,2253
陣,2338
除,1148
離,1460
難,1880
電,2587
霑,21
非,1245
靠,432
面,6939
鞋,187
響,849
頭,4473
頸,138
題,2526
風,1328
飛,867
食,3772
飲,1094
餐,627
餘,467
香,3978
馬,921
駛,933
驕,14
驚,1217
骨,317
高,2522
鬼,825
鳳,46
麼,923
黃,726
黎,4264
齊,1372
龍,511
！,8571
（,4718
）,4797
，,157123
：,11223
；,2359
？,15138
𢃇,1
(,1850
),2010
",",3237
-,2455
1,7011
2,5515
A,4108
C,2641
D,3972
G,931
H,848
I,1866
L,2325
M,1606
N,929
O,3170
S,2780
T,2169
W,1568
a,24794
b,4374
c,7586
d,6067
e,25948
f,3228
g,4424
h,7090
i,16673
l,15016
m,8708
n,19862
p,5819
r,12307
u,8755
v,2147
w,3393
y,4818
z,443
–,107
…,10019
《,1393
》,1393
㗎,959
七,810
三,3226
且,1235
主,2423
乎,1506
乏,112
亂,904
互,319
享,344
介,444
仔,4219
令,1847
件,1839
伸,215
使,1315
促,79
倍,132
倒,521
假,833
偏,440
傅,282
備,419
傾,677
儲,158
內,1184
公,3012
共,772
冇,3801
刃,11
初,897
副,301
劈,136
力,3358
功,884
劣,108
勒,44
動,2576
務,501
勞,201
勵,113
勾,104
包,927
化,1683
匪,104
升,659
半,1268
卷,123
卻,224
原,2347
去,10762
及,971
右,506
向,1805
吓,642
吵,26
咋,233
咗,8529
咦,148
哋,4255
哲,275
啊,655
啜,20
啱,977
喺,6069
喻,92
嗰,2804
嘅,30216
嘞,192
嘢,4001
噉,878
嚟,4862
囉,1322
回,1769
因,4470
固,200
圍,676
圖,1044
土,606
均,144
境,504
增,209
壤,9
夫,321
失,1599
存,622
密,379
寜,1
寡,41
封,325
導,449
展,727
屠,49
層,713
屬,440
崩,103
嶄,8
工,2542
差,1241
布,319
帳,39
帶,1161
幅,191
幣,181
幫,1525
延,143
建,865
式,1177
張,1456
徒,248
念,746
思,1464
性,1913
怪,941
恩,166
息,550
悖,24
悲,266
惑,131
惟,26
惠,89
愛,1910
慎,43
慢,1503
慧,90
慮,226
憑,155
戰,943
戲,755
批,311
技,498
投,702
抱,254
拎,1477
拓,20
按,293
捉,377
掉,163
掌,228
掘,76
掛,438
接,1784
措,65
握,224
損,109
擋,69
擎,21
擴,94
擸,5
擺,420
支,994
放,2162
效,355
敗,452
教,1903
整,960
敵,213
新,2233
施,261
旦,71
易,967
映,156
春,307
晏,76
晰,76
智,360
暴,309
曬,233
書,2319
服,590
析,232
架,2968
某,774
核,210
框,89
案,517
植,97
標,628
模,378
橫,224
權,822
止,781
步,1121
段,788
決,1169
沒,777
治,813
洗,581
洞,127
清,1821
減,300
源,704
滾,140
漸,247
潛,165
潤,53
潰,59
焦,90
營,200
特,1367
犀,45
獲,149
率,295
玩,1638
班,2020
產,779
畀,1633
畫,912
疑,568
發,4520
的,6867
益,275
盜,34
目,1216
研,379
確,907
碼,483
礎,73
礙,77
示,739
社,1053
神,2331
禁,295
租,131
移,312
程,796
稍,156
積,181
穩,210
窒,76
窮,210
競,99
策,178
籌,91
精,987
紀,651
級,542
素,349
細,2100
終,1886
結,2250
維,510
緩,108
縮,164
總,1115
繞,80
缺,255
置,391
義,1167
翁,53
翻,317
考,1007
耐,960
肋,20
胞,36
腸,117
良,466
英,1322
莊,172
莫,249
落,3291
藉,90
蘊,28
處,1253
蝕,115
術,835
表,1931
袋,595
裕,57
視,1189
觀,993
角,963
解,4240
計,1319
設,461
訴,191
試,1419
詳,149
諗,3290
諸,190
議,761
護,518
讀,1331
豈,67
豐,158
負,419
財,265
買,1247
貿,54
資,838
賺,164
購,66
賽,214
越,689
跌,410
輸,433
轉,1473
近,1554
述,279
送,696
造,482
進,1062
達,797
適,366
酒,828
釀,21
釋,530
銀,379
鋪,345
錯,1782
鍵,123
阻,352
降,297
限,405
階,213
際,430
障,115
隨,871
隻,1795
雖,1435
雙,653
零,580
需,926
霍,15
露,336
項,125
順,499
預,445
額,148
願,480
類,1098
顧,431
顯,661
首,1022
駁,126
髓,16
體,1503
鴻,32
麵,308
點,8482
鼎,34
鼓,217
齋,110
𡁵,29
.,5000
3,2358
4,2048
5,2223
6,3044
7,1546
8,1885
9,2204
E,4127
R,1231
á,55
í,96
ñ,20
ó,65
亡,264
似,4185
佔,250
佛,241
修,395
像,621
僧,13
元,394
六,884
刊,56
劫,85
北,429
匿,66
厚,207
員,1000
哥,925
圓,555
團,441
址,63
型,446
塊,412
塌,46
士,1325
女,5256
妹,455
姊,68
姐,486
察,492
射,339
尼,357
居,473
嶺,41
幟,13
座,379
庭,287
復,458
德,495
志,302
恢,37
憶,243
戈,34
截,125
拉,824
探,291
控,367
搖,314
旗,121
星,1204
朗,177
查,431
構,283
橢,4
歲,590
殺,1164
消,673
測,207
燒,390
牆,220
牙,930
玻,115
璃,111
瓷,14
男,2178
痕,129
登,1881
皮,480
着,145
石,516
碎,159
碳,13
禮,779
窿,103
箭,106
範,252
築,217
組,485
線,1408
織,204
翼,139
耳,466
聖,425
聞,668
薩,63
藍,264
裡,529
躍,78
軍,368
輕,848
逃,195
逢,223
週,60
遺,214
鄉,216
里,318
鎮,158
鐘,1250
鑑,26
鑲,9
阿,3318
院,622
陶,96
雕,111
雷,137
領,452
飾,227
騎,113
骸,25
黨,282
齡,63
B,2065
F,1177
Y,504
k,3323
倫,168
助,278
司,1393
咎,12
媽,1035
客,836
峰,70
幕,228
平,2034
廿,391
彈,471
彌,54
慣,347
拜,415
挖,59
掂,453
排,806
攞,219
歐,369
每,1689
湊,81
爽,153
牌,592
申,272
福,388
粵,1150
糧,95
緊,2644
罷,139
羅,370
習,635
舉,612
補,450
裝,577
訊,314
訪,180
遲,531
集,607
音,1699
飯,1123
+,122
/,3973
’,203
乾,305
伏,167
佬,863
侍,60
候,1672
僑,22
冚,75
叉,109
咬,257
喊,409
嚐,6
夜,722
奇,866
妙,379
婆,904
孤,150
室,470
屙,70
席,208
店,382
廠,105
廳,293
徊,15
律,576
徘,16
感,2293
懷,395
扎,105
捱,128
掙,98
揀,466
晚,1134
朋,1667
材,313
板,234
枱,153
枳,5
棟,78
橘,2
檔,149
氏,89
汁,69
油,291
海,1105
淮,6
炒,417
烘,8
煩,416
熱,774
燭,55
狀,370
獵,89
珍,173
珠,174
碗,293
碟,188
禾,42
秘,336
稈,1
筳,1
筷,40
箇,31
粉,252
聯,487
肉,547
芹,7
芽,19
草,313
菜,229
薯,63
蠔,13
蠟,32
豉,23
豬,377
貌,230
蹟,37
蹺,35
農,138
逾,14
遷,65
門,1456
陸,451
險,314
隱,189
雞,897
雪,266
飽,123
館,296
饌,1
鮮,220
麻,499
#,1777
:,1779
=,2333
J,2395
K,1169
Q,242
U,404
V,897
X,319
[,1061
],1064
j,642
é,82
ü,11
〈,401
〉,402
『,679
』,679
丁,186
串,176
久,280
仗,104
付,304
伊,217
佈,180
佳,186
侵,86
俗,224
側,210
傑,135
傘,52
儀,153
光,1225
具,345
冒,84
冬,95
冷,650
列,545
剪,93
割,112
劏,46
努,377
勢,619
勻,39
匹,30
博,229
參,447
台,848
吉,132
后,50
呈,59
命,1111
唐,296
嚴,331
城,860
堂,694
塑,101
塔,338
塞,158
墓,32
壁,88
奉,113
奢,47
宗,255
宰,22
寒,141
寺,64
尊,248
岔,24
島,511
崇,104
崛,12
巴,584
希,735
帝,259
廂,124
廊,94
廓,27
弟,393
弱,311
彎,62
征,37
待,441
微,436
徵,174
恐,429
惡,492
愁,77
懼,110
扶,136
把,853
披,39
拱,82
捐,66
採,100
描,153
揮,322
揸,154
摘,30
撐,128
撒,51
擊,498
敬,284
普,959
景,622
暇,38
暖,143
暗,472
曆,113
曼,118
木,290
末,170
枷,7
柱,134
棲,6
棵,68
楚,614
楣,8
榮,159
樓,893
樹,261
橡,8
欠,95
欣,380
殉,26
殊,75
殿,55
毅,29
母,945
沿,106
泥,124
注,330
泰,143
洲,250
淡,278
淺,197
溫,462
溯,15
滋,56
潮,272
濃,102
濕,272
火,902
灰,247
炬,14
燈,473
爛,368
爾,376
牲,129
犧,128
猷,3
獻,152
瑪,53
田,184
異,626
病,627
症,110
癲,170
盲,130
眼,2254
眾,752
督,145
矮,75
硬,395
祇,15
祠,19
祭,76
穀,11
穌,66
穗,3
穹,7
突,1243
窄,85
筒,81
節,832
篇,841
篤,90
篷,9
籍,74
籠,61
粒,345
系,646
納,150
純,379
紹,190
統,631
絲,339
緻,37
縱,95
繁,116
繪,51
耶,97
肅,32
股,396
肥,305
育,342
脫,265
腿,119
膊,140
臂,101
臘,82
舊,801
茂,27
萄,52
葡,71
葬,58
葺,2
蓋,123
蔓,16
藤,41
蛛,20
衷,84
裸,54
複,261
覆,322
訶,9
註,135
誘,86
請,1041
諺,13
譯,211
貢,113
貼,360
賞,281
贅,12
趨,74
跨,56
路,2173
軌,62
軸,47
載,171
輓,1
輻,7
辨,55
途,280
速,433
運,828
遞,108
郊,37
醃,6
鋸,13
鎅,3
鎬,1
鐮,2
鑽,89
闊,128
附,281
陲,6
陵,16
陽,343
隆,77
雅,133
雜,399
頂,721
頻,102
顏,126
養,366
餵,80
骷,8
髏,8
髮,355
魔,463
鷹,40
麥,157
齒,85
龕,13
🙂,43
𡃁,10
q,234
“,168
”,213
也,1096
予,65
傷,547
儒,48
凌,120
剝,40
勇,242
勤,91
吃,236
君,301
含,188
吻,56
呼,555
哭,138
啫,653
喜,505
喪,139
嚎,11
壹,9
夏,171
太,2352
妥,68
姿,114
孔,106
孝,59
孰,10
孺,8
官,560
宜,220
寵,65
尺,84
徑,91
恨,172
恭,107
恰,52
慕,57
戎,10
戚,106
拆,184
拿,354
挑,196
捏,24
搶,241
摯,11
撮,28
撳,94
曰,95
杖,41
欲,187
氛,97
泛,183
泣,52
涉,194
淨,515
游,214
溝,277
爓,1
父,317
牽,139
狄,4
狎,1
猶,172
畏,34
畢,450
疏,70
皆,201
盾,119
睹,29
矛,130
祀,15
稷,3
端,233
符,197
絡,235
網,789
緒,172
縟,7
罪,394
群,363
羸,1
腥,31
膩,27
舒,152
蠻,32
血,642
衍,52
親,698
觸,259
詮,14
誤,354
賢,80
賦,49
距,213
踊,3
踐,56
踴,1
蹈,37
辟,13
迅,121
迫,412
迭,2
遽,3
鎖,177
鏈,46
陰,308
飆,9
饗,4
駕,48
驗,429
鲁,1
－,814
Z,314
井,73
凍,189
卡,526
吸,457
呎,45
垂,61
堡,54
塘,85
壯,104
奧,127
媲,13
宿,112
岩,1431
峭,3
峽,11
崖,18
怡,21
悠,52
懸,52
房,755
括,262
擇,531
曠,26
村,314
樞,4
殘,229
河,205
派,562
涼,225
牛,637
獎,115
省,175
瞭,23
站,409
糯,7
紐,25
繹,29
蔭,29
蜒,8
蜿,6
街,1617
詩,455
諾,79
谷,111
貝,39
貪,125
車,1644
辦,867
迪,74
遜,21
遮,198
選,1226
陡,4
隊,590
隔,458
霸,278
靚,701
餓,99
鬥,383
乖,113
伴,168
俾,3462
健,187
儘,44
兄,388
冰,124
勉,117
呀,6159
哂,210
壓,418
床,293
康,166
忍,613
扭,169
承,502
抒,35
擠,102
攪,74
攰,69
暈,67
曳,14
柔,130
校,827
歉,158
波,618
淚,294
激,427
煽,25
疫,127
痛,692
癌,34
眠,59
瞓,329
粹,184
罰,140
苦,793
衫,471
褸,52
諒,118
謝,525
豆,270
責,504
踏,148
錄,416
錫,166
閉,284
陪,273
頹,80
驅,63
Á,11
Ú,1
ï,20
乘,226
偉,299
停,582
兼,196
勁,337
吧,371
吹,473
唞,11
啡,197
啤,182
園,335
壘,19
夾,349
妨,59
宅,76
宏,37
宮,166
寬,65
屹,15
托,175
摩,162
敞,5
晝,90
暫,220
梳,98
榨,32
樸,34
橄,19
檐,3
櫳,5
欖,29
歇,55
氈,9
池,127
泊,47
浴,54
涇,2
淋,84
渭,2
滅,253
炎,76
煲,103
爵,31
甲,135
盔,47
盤,303
盧,91
矩,67
穆,100
窗,239
籬,36
紅,864
紋,76
紛,96
索,454
綠,190
綿,30
繽,5
罐,68
羣,20
菱,11
衣,284
覽,71
豪,187
貴,401
蹄,19
遍,130
靜,677
革,159
頰,18
鬆,263
魯,82
麗,165
麪,4
～,1260
免,501
囊,51
埗,38
央,90
奄,37
妝,77
娶,57
婚,829
婿,14
嫁,480
守,345
局,570
岳,36
弒,6
忠,219
戥,21
抵,212
檢,132
歌,975
狼,62
瓜,124
甘,196
疇,28
碑,45
私,313
稽,31
綁,99
繳,6
羞,53
肇,15
肝,21
肢,52
膽,216
薛,23
虐,52
裁,72
誓,68
誠,762
誣,5
譽,74
赦,26
辱,75
退,429
鋤,18
頁,127
頗,34
驍,2
x,651
俐,7
偶,147
刺,187
卉,6
叢,26
吟,57
唱,717
嘆,208
域,91
序,192
悍,9
押,84
拾,81
掬,8
款,254
毋,75
浪,343
漫,281
潔,140
澈,9
澗,2
猜,71
玫,26
瑰,30
蓄,45
課,293
諷,79
謠,27
譜,97
譬,115
讚,210
輔,121
韻,174
須,240
頌,58
馴,14
鹿,21
?,689
侮,30
剎,86
勿,48
墨,110
姑,123
悅,73
枝,201
楹,9
涵,38
淵,16
矢,20
緣,200
芻,11
若,494
荀,22
謁,2
豢,2
輯,177
辭,196
邏,101
姓,110
晒,2443
滯,151
苟,34
訓,549
跟,963
遵,23
伇,2
埶,2
役,73
梭,13
澹,1
貧,71
賤,171
跳,519
,1
丘,8
休,215
倚,28
借,319
厭,147
吖,280
哉,36
嘛,914
它,52
彼,103
抬,169
沙,429
瀆,37
焉,46
疊,183
竇,184
竭,32
筋,52
累,121
縣,41
胡,157
誇,114
跛,15
蹞,1
輟,4
邇,2
餒,20
駑,1
駿,13
驥,5
魁,13
魚,410
鱉,4
仇,111
傭,23
僕,27
僱,41
冠,114
啟,135
坊,119
夙,3
夢,449
妻,122
姻,86
季,105
宣,257
峯,11
巧,246
廷,67
忽,590
怨,168
戴,276
抄,138
拼,135
捍,20
捧,58
掀,28
授,156
撰,19
敘,17
森,259
毆,15
毛,273
洛,47
漠,56
熙,22
犯,375
狂,397
猛,134
獅,75
略,336
編,324
衛,182
許,333
貸,9
輾,21
逕,24
鄙,61
醋,14
雄,270
震,360
鳴,96
鴨,77
鹽,59
默,283
克,150
剩,260
喂,645
嗱,146
夷,43
尋,313
幼,130
抉,5
爸,569
盒,209
砌,119
童,231
繩,85
舖,106
蚊,336
裏,269
逛,9
郎,187
醒,690
́,1
仿,46
佑,37
侶,110
勸,132
啓,18
埃,59
娛,97
婦,113
寓,28
寶,333
恪,4
慶,206
慾,71
戀,396
揚,172
束,182
淫,135
疾,68
癡,32
祝,249
秩,58
糊,115
績,146
繫,54
職,498
般,469
艱,65
茶,388
詠,90
誦,11
誨,10
誼,59
謔,6
謙,92
賴,129
迷,312
酬,37
閡,2
鞏,30
頓,143
%,1537
俄,29
倉,82
億,138
優,301
匆,94
咒,62
噸,16
囂,23
国,30
圈,238
夕,185
契,115
奴,88
宛,10
害,334
岸,134
廉,106
循,95
惜,394
慨,58
抗,321
捕,103
掩,145
揭,81
搗,19
搜,96
擅,34
攝,124
斤,80
柯,22
梅,57
梟,6
棄,431
櫃,118
毒,707
沃,4
湧,86
漁,84
灘,54
灣,322
猖,17
獗,13
瑞,25
癮,127
糖,158
紜,4
紮,61
羹,28
脂,35
脈,107
臺,24
航,46
船,238
艇,32
艘,8
荷,82
菠,12
蒜,10
蘿,39
蟲,107
衡,124
警,775
販,63
賭,201
踢,175
避,415
酷,47
銷,68
防,272
陀,46
陷,140
頑,21
駐,29
鹼,4
黑,1030
削,28
呆,301
喎,1355
嗎,301
嘲,47
噏,76
奶,219
委,179
屈,162
急,763
惹,44
慰,150
掃,175
揾,52
擰,82
温,14
焫,3
燥,31
狹,34
瘦,111
罩,185
芯,4
讓,236
兒,507
冊,64
劑,46
勃,31
售,71
噴,174
囪,7
巡,31
抽,379
招,354
操,202
攬,140
榜,51
污,162
滲,37
灑,81
煙,478
牟,12
監,245
矽,5
竊,56
締,5
蓬,22
賄,9
贓,6
踞,7
遙,66
那,809
·,2076
─,2699
乃,115
乩,9
乳,64
云,90
仆,707
仙,135
余,60
倘,8
僮,3
允,16
兔,24
冤,55
冥,19
凶,20
劾,3
午,169
卒,39
危,254
厲,60
吏,13
吐,136
吾,110
哀,124
哺,5
喇,1494
喐,1
喚,43
喝,175
嗌,135
嘗,366
嘴,334
噹,53
嚇,306
困,185
堰,1
墜,30
壅,2
壞,378
夭,21
奈,201
奔,93
奸,94
妖,98
姦,64
嫌,132
嬰,27
嬲,352
寧,188
屍,185
屎,374
履,37
嵐,1
巖,2
州,178
幽,74
庚,3
廁,299
廟,95
廬,7
弗,18
御,22
忙,295
怒,223
怖,176
患,86
惶,33
愕,31
愧,52
懇,47
戊,6
戌,7
扈,3
扮,374
扯,133
抆,14
抹,193
捷,25
掟,127
撞,457
擲,41
攘,15
攻,262
救,489
敲,99
斥,99
斧,33
旃,1
昏,134
昨,33
晨,121
暮,21
札,7
朱,78
李,355
杭,8
杳,3
枚,37
染,173
檀,1
歟,7
殮,3
殯,7
毀,126
氤,2
氳,2
汝,14
汲,11
沈,62
沉,378
涓,4
添,388
渺,38
滑,141
漕,2
潭,29
澀,38
澤,83
灤,3
爇,1
獠,2
琤,1
瘟,14
癰,1
皇,268
盞,52
睜,32
瞑,2
砉,1
砒,8
祈,157
祖,311
祟,5
禍,81
禳,1
禺,2
竄,16
竅,39
粥,101
紆,6
絹,3
縊,1
耽,15
肴,11
肺,115
胥,2
臥,9
舌,65
舟,61
芒,69
茅,29
萌,25
蔽,12
蕩,75
蘇,103
蠱,27
衙,12
衝,464
袁,35
裂,109
裹,11
褫,2
訂,104
訖,1
訟,5
詈,1
詬,7
誰,176
誶,1
諫,10
讞,1
豚,11
賊,64
趁,129
趕,261
趙,67
跪,105
蹲,2
輒,10
辰,14
迄,3
逅,6
逸,26
逼,160
遂,14
邀,56
邪,128
邸,1
鄰,52
醮,10
銘,39
鑰,4
閂,107
閱,96
閻,14
闥,1
陌,76
霜,31
霧,118
青,752
韋,34
頃,10
顫,21
飄,102
饋,9
饒,11
馱,5
馳,41
駭,16
騰,103
鬧,427
鸞,2
',187
倡,33
偽,131
債,55
償,50
刑,79
剷,48
協,112
咖,251
培,58
奮,190
娃,20
寄,107
帮,1
庫,75
徹,138
拘,45
晾,21
械,46
洩,75
渠,63
渣,457
漏,144
爹,20
狗,393
狡,29
療,88
磨,144
簽,159
綜,44
羊,56
耗,54
聰,139
託,42
誌,97
諧,66
貫,110
賠,62
赫,25
踩,121
蹤,96
軟,230
轄,7
錮,5
丹,103
京,102
們,807
啃,18
坑,63
坦,234
姨,52
巷,50
捲,80
搬,155
搭,483
暑,118
柴,151
梯,193
沖,225
浸,108
炮,123
烤,15
牡,43
猴,14
球,695
砸,18
稚,66
糕,108
蒲,45
蛋,346
襯,118
踎,15
迂,15
閩,18
．,415
准,69
徽,9
替,124
杜,114
秤,22
茫,88
袖,85
逝,54
餸,37
傻,344
凸,51
匙,76
塚,7
壽,74
寸,60
屆,88
屏,29
扑,107
挪,17
斜,84
柄,29
棺,19
榻,6
槌,8
殖,100
漢,372
狩,4
瓦,29
睡,94
禱,26
竣,3
纏,88
翰,9
耄,2
耋,2
聳,51
腌,4
腐,86
莎,26
菲,109
虔,15
蜂,22
襲,134
謹,56
酋,18
醜,145
雨,406
靈,456
黐,74
$,204
俬,6
傢,15
剔,25
厓,1
叻,214
嘈,236
嚕,30
嚿,32
堪,72
塵,120
宋,62
帆,15
廚,127
户,4
撈,72
撤,29
攤,126
灶,10
焗,46
煎,57
煮,184
爐,110
砰,23
磚,47
粿,1
糟,103
蒸,44
蔔,21
褥,4
贈,38
郁,369
鄧,41
醬,38
錦,37
鑊,221
魂,229
🥲,1
㩒,17
痴,488
﹑,6
＋,67
©,3
凹,24
吊,81
吋,27
咭,63
奏,79
妃,2
宴,52
掗,3
撼,42
朵,51
柏,77
桃,54
桑,26
樑,26
渦,10
漆,62
漬,2
煌,11
牧,51
盆,19
矯,12
竹,87
笪,4
膏,28
臣,77
苑,35
訝,89
賜,28
赴,27
輝,103
鍍,3
鏽,10
霞,22
顛,44
鴉,22
仁,294
啞,78
嬸,47
弊,52
弔,2
憲,40
捅,11
揩,6
搪,7
敦,69
欺,75
津,87
瀕,13
烈,274
煞,45
痹,2
盟,62
票,570
秋,157
竿,7
籲,21
脅,59
苗,38
診,86
詭,42
軚,7
輿,28
遇,436
邁,51
邦,53
針,172
龜,65
 ,2
　,5812
呱,13
嘥,39
汗,201
籃,61
／,603
"""",536
墮,49
奠,12
旨,112
荼,7
龐,33
<,86
>,199
巒,3
攔,19
斟,28
旱,8
樽,45
汽,41
液,75
渾,27
澱,9
濁,16
瀉,29
爲,148
甜,202
練,404
蘋,106
酵,7
,41
㧬,2
丟,70
兜,150
凝,65
刮,37
唾,6
墊,27
奀,14
扁,43
扽,2
拍,843
拮,16
挺,52
杰,20
柳,26
椒,38
湯,121
漿,43
瀡,7
烏,109
熄,99
爪,41
狠,162
瘴,10
砂,30
稔,7
篩,29
糾,45
罉,1
罌,2
芝,65
茄,39
蔥,33
躉,15
鏟,12
餅,160
餡,7
驟,41
鹹,127
併,24
弩,4
慳,123
拔,64
礦,56
禦,7
蒙,59
轆,7
銃,3
駝,19
駱,15
俑,10
凡,178
嗣,6
囑,10
嫲,226
庖,21
爺,150
甥,5
矗,3
祥,44
膚,122
茹,5
鼻,192
叛,42
孕,36
岡,17
梵,7
祕,7
蒂,21
逆,116
釘,91
鬍,60
鬚,97
ú,7
瑟,5
瞻,8
乞,72
吞,152
孩,191
幸,353
悔,199
悼,38
拒,185
橙,120
皙,2
翌,16
肌,46
肖,16
融,353
豔,31
貞,23
霾,14
鬱,86
_,852
あ,15
い,50
き,5
く,3
し,26
つ,11
て,27
で,18
ぬ,2
の,30
ば,4
べ,7
み,10
も,33
ら,16
亮,119
佐,43
佩,45
倖,23
僅,106
僚,10
僥,11
兀,18
凋,7
凜,23
剛,172
召,60
咽,22
哽,24
啖,140
啼,22
喃,70
嘉,191
堀,22
墟,13
奪,89
娑,2
嫂,95
寂,93
崎,23
川,27
弄,71
彷,70
彿,50
忖,4
恙,7
愈,906
憐,125
憤,97
懾,3
抑,124
抖,106
拝,1
振,134
捨,196
摧,39
撫,41
斬,130
旭,5
曽,17
朕,15
朽,26
松,30
櫻,37
歪,71
殆,11
浮,171
滴,138
烙,4
焰,22
煉,27
獄,109
玉,113
琴,139
瑕,14
瓣,11
疵,7
皺,77
皿,7
眉,171
眶,27
眸,15
瞄,17
瞳,17
砍,8
秀,250
籟,10
糙,9
絢,3
綻,20
膠,359
舍,75
艙,4
艦,17
艷,8
茲,17
蟬,24
詔,5
跑,384
軀,56
轟,157
辜,96
込,3
銳,40
鋁,12
鋼,100
鍛,26
陋,30
陛,3
雀,129
雲,335
鼾,8
𠵼,4
丑,43
剖,11
弓,26
彰,19
獸,244
盎,11
穴,21
繚,2
耀,53
胯,4
芸,6
莘,6
蛙,33
蜍,1
蜘,9
蜜,74
蟾,1
贊,48
鉅,8
錘,5
雛,5
馭,7
仃,6
伶,27
募,7
審,154
巢,25
捩,6
援,98
擱,14
洶,15
淆,32
疲,59
肩,56
衰,389
鍊,76
閥,3
鳶,4
厘,59
躋,4
閃,256
鳥,190
催,82
屑,38
帥,20
恥,144
挈,4
曙,8
淪,60
湮,7
潘,40
燃,48
犬,27
籽,4
粕,2
綱,37
董,63
薦,29
薰,23
鏡,314
雁,3
!,618
¡,5
仰,78
俯,25
傲,63
僻,28
冕,12
冽,4
匱,4
卜,46
呵,185
哩,110
噁,16
嚮,27
囚,29
娜,62
婕,2
屢,39
帽,91
徐,116
慈,48
拇,4
拷,7
柺,3
渴,61
烹,9
牀,5
畸,14
碌,262
秒,444
稀,52
箍,14
箱,118
紈,1
紳,16
絝,1
綵,3
縛,15
耆,5
聊,133
聾,20
胳,3
膝,32
艾,46
虧,40
裔,32
裙,158
褲,268
襟,25
賓,111
贖,30
赤,88
踱,5
遏,5
遑,12
鄭,106
閹,4
霎,14
顰,8
魅,37
【,393
】,393
㝝,1
刷,42
嘸,6
妄,68
帖,46
慚,19
撇,44
楷,12
澳,202
瞞,23
穢,22
繃,23
纂,4
虹,11
霓,4
鞭,31
噚,9
寞,39
擬,61
枯,32
沌,10
焚,45
瘋,194
簾,31
羨,32
芬,53
萎,15
貓,218
邃,4
酌,10
酗,5
隸,37
齣,30
乍,5
些,484
呂,64
夥,16
溢,12
珊,25
盈,62
窩,45
簿,39
綫,26
葛,24
闌,10
陳,420
駒,20
倭,10
凱,39
匯,108
啩,47
嘰,18
晉,20
歎,90
氾,4
琉,15
癩,15
綴,14
脊,51
萊,13
趷,5
迦,12
閘,91
骰,42
刁,25
唧,25
埞,5
怎,170
拌,5
檬,31
檸,85
殼,49
燶,18
矚,3
蔬,3
薊,2
薑,15
蜆,2
這,1191
髀,22
孱,5
崗,38
牢,28
叮,90
哪,88
喉,110
很,395
悶,259
棠,19
櫈,37
缸,22
脹,73
膨,26
荳,2
蜃,5
韮,2
餃,15
😇,2
娟,13
媚,31
嬋,1
忌,135
昧,45
曖,23
棍,85
涯,50
漱,3
潑,32
É,3
亨,14
喱,35
巔,20
戮,6
癖,15
眈,2
纖,29
羔,8
芳,52
衩,1
袍,53
詡,8
轍,16
遭,90
鄂,1
鴿,26
麾,3
屯,22
椅,40
氹,49
署,113
詢,49
諮,10
郵,76
＠,7
奐,3
搲,1
斐,2
汪,15
瀰,10
熔,21
甬,3
碩,28
縫,32
缽,2
芫,3
荽,1
葉,196
螢,49
豎,40
鍋,26
鐧,13
亭,61
啪,124
坪,8
坳,6
埔,54
壩,5
拋,175
挫,33
揹,30
搽,19
昂,30
浩,65
涌,33
湖,80
給,280
胃,80
脾,81
腎,8
腺,8
蓮,58
蕉,57
跚,3
跣,27
蹣,3
鉛,39
錶,41
鞍,14
韌,5
騮,6
鵝,35
😂,10
😎,5
丸,61
亢,24
卑,64
唂,2
拃,4
拙,26
撲,86
昕,2
滄,24
熊,85
琪,37
笨,77
腔,49
蜑,9
蹊,12
闢,12
嘩,556
妓,39
婪,7
巫,56
恿,8
愫,2
慫,8
懲,50
桎,2
梏,2
諄,4
遁,21
黹,2
佚,2
戒,138
擘,26
楊,197
炫,19
籤,55
絞,10
絳,8
肆,60
袱,21
☎,1
刋,1
脆,68
️,37
😆,4
冧,82
占,25
甩,165
卸,35
ガ,2
デ,2
ヌ,2
ボ,2
ル,2
ン,9
ー,11
啅,2
嘔,132
屌,594
焼,2
疚,34
窪,4
荔,7
韓,177
﹕,10
咀,113
姆,26
搣,16
棕,8
槽,11
櫚,2
沾,32
碧,40
篡,7
@,67
冑,2
呔,5
坎,20
巉,6
彙,76
拐,25
棋,76
榴,8
歧,84
殲,6
殷,22
溉,3
澡,1
灌,29
祚,1
簇,10
翔,9
耕,28
聘,18
髹,2
🥂,1
凳,56
唇,104
娘,178
氧,14
犄,2
畜,15
盦,2
禽,18
腓,1
菌,29
赭,1
霉,32
髻,3
亶,1
昌,21
柒,220
秦,202
軒,28
轅,6
遼,6
²,3
³,3
¹,3
⁰,1
伍,28
嗇,8
噃,29
埈,2
孭,13
孽,22
恫,4
搓,28
斡,1
曹,28
棚,15
炷,4
牴,3
畋,1
盂,23
訣,20
轎,8
閣,19
頒,17
ö,2
冶,8
哦,457
喀,4
坡,52
壑,2
嶼,55
庇,12
晴,52
棧,9
湄,3
溶,51
濺,17
烚,13
瘓,12
癱,22
睛,86
瞰,7
穎,20
緯,7
翳,10
茵,4
莉,31
蒼,52
袤,1
鯉,43
黏,22
😃,4
😛,2
窖,8
嵌,5
幹,124
掠,13
琢,6
璀,4
璨,4
褶,1
訥,1
鏤,1
*,363
;,64
^,34
~,492
Ⅱ,1
⋯,507
〜,5
お,5
か,27
こ,9
ご,2
さ,2
た,14
だ,8
ち,10
っ,9
と,17
な,19
ふ,1
ぼ,1
ゃ,2
ょ,2
り,8
ん,10
ア,1
イ,2
エ,1
キ,4
ク,5
コ,2
ジ,2
セ,1
タ,1
ト,2
ド,1
ナ,1
バ,2
パ,1
ヘ,3
マ,3
メ,2
モ,2
ヤ,1
ラ,3
リ,2
・,11
乙,55
伙,112
俺,2
偈,107
凪,2
匣,13
吼,35
呃,236
呻,49
啾,3
噌,3
嫉,7
嬉,55
嬌,105
恆,93
悪,1
憎,176
懵,38
戇,104
戙,4
揣,13
揼,49
摏,2
撚,917
昇,33
曜,1
桶,73
気,1
潦,7
疆,8
疤,13
痾,22
瘡,23
盼,40
矇,20
砲,5
秏,1
絨,10
羽,39
脚,6
茨,1
菇,29
謎,44
謬,41
辺,1
遣,28
関,4
閪,62
阪,6
馨,35
鱗,7
鳩,427
＜,30
塗,26
沐,14
熾,9
唶,124
嘿,275
撕,46
睥,15
哄,29
慷,11
梨,51
漲,38
燬,2
萃,10
霄,10
＊,675
２,203
３,128
４,109
５,115
Ａ,653
Ｂ,285
Ｄ,1274
Ｅ,844
Ｋ,218
Ｍ,302
Ｏ,812
Ｒ,494
Ｖ,123
Ｙ,206
ç,3
姜,2
姬,16
汶,13
芈,1
驪,2
乸,31
侲,2
剃,12
劉,170
叨,6
叭,11
吶,9
喋,9
嘮,4
塡,1
墳,44
奚,6
巾,103
幡,4
廈,139
扇,31
摟,11
撥,138
攋,4
斑,36
晶,44
杆,15
桂,18
桔,5
棉,31
橛,2
毽,2
淒,28
潺,12
災,96
煨,5
瘀,17
稟,7
筲,3
箕,6
罅,23
舂,2
舵,2
芥,12
荊,30
菩,15
蓆,12
藕,4
蘸,2
蝨,3
螃,1
蠅,13
蠢,168
訛,9
逗,48
釣,34
鈍,5
餼,1
鱔,3
鷂,3
麒,2
麟,8
鼠,141
𠽤,1
𡁻,2
倆,19
愚,72
拈,8
朦,12
沮,26
瀧,11
瞎,4
稻,12
腫,31
臃,2
蔑,15
詣,7
誅,23
［,448
］,447
沸,14
癒,6
踭,7
躬,34
鞠,25
Ｌ,566
Ｑ,65
＿,88
厄,11
洪,64
胎,41
怠,26
惰,21
﹐,43
懂,119
摺,67
鵲,2
鶴,9
㨴,5
兮,24
咯,163
唥,10
嘍,18
垓,1
媳,5
惱,48
扼,19
揦,4
旺,109
曱,38
歹,13
涅,5
濤,9
燴,5
玄,28
甴,39
祉,3
禤,1
臆,10
茴,1
虞,12
螂,7
螳,2
覓,27
謭,1
譏,3
蹴,4
鑾,10
闖,31
饅,10
騅,2
魄,45
鯁,2
倔,9
刪,45
卵,9
她,537
嬅,95
寥,16
尬,50
尷,53
徨,7
徬,5
惘,18
愉,38
憧,13
憬,12
憾,79
懈,18
找,215
抓,56
攏,16
晦,22
檯,143
漩,7
狙,18
瓶,24
疼,7
眷,17
磊,7
祐,2
紗,44
耘,4
耿,19
舛,2
迥,3
鑄,16
鑣,11
&,90
 ,102
う,14
え,2
が,10
け,8
に,14
は,12
ま,24
る,14
伺,15
侈,13
倀,2
傍,26
儆,4
儼,6
兆,25
兇,126
兌,22
冀,6
区,2
卓,12
卦,24
叱,21
吒,3
吱,33
吽,14
哎,109
哣,11
唉,262
唏,30
喘,69
嗚,183
嗤,14
嘜,5
嘟,47
嘯,48
嘶,28
噓,42
噬,37
嚥,7
囤,7
夯,3
奕,46
妒,19
婉,27
孖,70
宵,76
尹,12
屁,47
廝,18
弦,37
徙,84
恋,2
恍,24
恤,81
悄,24
悵,11
惋,8
惕,13
惺,22
憚,8
憫,17
懺,15
戟,2
扒,59
拑,4
捽,46
掣,105
揑,2
搏,85
撩,32
擢,3
攸,4
敍,13
斃,18
昆,18
昭,27
朔,7
杉,10
枉,36
桌,10
棘,13
檻,16
殞,7
汞,1
汰,26
沛,9
沼,4
泌,5
泳,68
淘,57
溺,15
滌,8
滔,60
漂,48
濡,10
炆,5
炕,3
炙,12
点,4
熬,16
燦,28
狐,20
猝,12
猾,1
玲,128
瓏,13
痍,6
眨,78
睄,23
硯,3
磁,73
磅,31
磐,2
稳,1
窺,36
粟,34
紓,5
紫,85
絃,2
綑,12
綢,2
綸,3
緬,12
繆,2
纜,18
继,2
续,2
翩,14
聆,17
胜,1
腕,27
腩,31
腹,55
膾,7
臟,29
芙,3
苛,19
莠,6
蓉,8
蔗,9
蕭,42
薪,83
蝙,6
蝠,6
螺,25
裨,2
褒,8
襄,11
覷,3
詐,38
諉,6
諱,10
謳,9
譎,4
设,1
豁,38
豫,48
賀,34
賈,8
蹋,12
蹶,8
逍,8
逮,9
郭,293
釐,11
鈴,52
銜,20
錐,8
鏐,1
闕,3
阶,1
靖,10
韜,7
项,1
颱,32
飢,18
饑,7
騷,60
驛,5
骯,5
髒,8
髯,5
鱷,8
鵰,3
＂,40
１,319
６,109
７,84
＝,300
Ｇ,273
Ｉ,464
Ｊ,72
Ｎ,454
Ｐ,318
Ｓ,480
Ｔ,560
Ｗ,148
Ｘ,170
ｄ,5
淥,8
阱,23
＃,256
Ｃ,379
Ｆ,240
Ｕ,232
伎,2
嶇,5
攀,16
銹,4
→,38
佇,8
囡,45
蚺,1
邨,20
罔,8
‍,9
♂,1
䕺,1
噪,16
梁,270
澄,25
瑣,19
鑼,47
騙,43
🏻,9
💬,4
🔥,4
🙇,3
僭,22
🏿,4
🙏,4
傀,7
儕,7
儡,7
堯,5
怯,16
撿,7
毁,12
沬,4
狽,10
睫,16
絀,4
聶,1
謊,15
鈺,15
驊,3
垣,9
曝,13
樺,25
糞,5
胖,8
裱,2
￼,4
𠝹,5
狸,11
两,4
个,108
于,15
卅,9
卫,1
号,2
咳,118
哨,18
哮,21
图,2
坨,1
垮,4
妊,1
姪,8
娠,1
学,1
尿,113
岁,4
庆,1
怜,2
慌,97
懃,2
旬,3
泄,23
瀨,36
琦,32
縴,2
膿,12
菁,4
薇,10
褂,1
誡,9
鸡,2
龔,5
｜,6
僵,31
壟,25
鹵,4
咸,38
掦,1
斂,18
閏,10
𤈂,1
券,47
摒,10
癥,7
祿,11
荃,30
凰,8
刨,18
叩,2
唸,37
嗔,4
嗡,16
妮,25
弘,7
毘,1
瀚,3
燕,35
禪,16
虫,3
諦,5
琳,16
鋒,88
瀑,6
癢,20
踰,3
俊,92
峻,7
掹,18
栢,10
梘,9
纈,1
蝴,11
蝶,20
褪,16
遢,20
邋,23
𨋢,33
駢,4
螞,15
咇,6
嶽,5
竉,1
吔,10
唓,12
嚨,37
敏,125
涕,30
−,6
♀,8
寨,15
揪,12
殻,5
甸,8
痰,13
髺,1
鯰,1
🤦,5
嗽,14
嚏,11
垢,5
万,4
丫,32
佘,2
凈,3
吳,73
孚,8
彭,35
摑,20
旻,2
曦,6
欽,17
汾,7
煒,3
琛,265
筍,14
筠,1
絶,4
蔣,9
嗒,14
譁,3
酉,1
鋈,1
隍,2
恃,27
擂,12
楝,8
繡,9
〇,9
庵,2
忟,4
恕,24
葩,2
詼,1
黄,5
佗,1
嚡,2
︰,73
﹗,73
啷,6
歛,10
賬,17
栩,13
翊,4
翎,3
鈞,24
埼,10
尸,10
譴,11
Ｈ,228
カ,2
＞,93
น,1
ี,4
่,3
ッ,6
プ,1
ㄌ,2
ㄎ,3
ㄏ,1
ㄚ,2
ㄝ,1
ㆴ,1
ㆶ,4
㤇,1
丨,3
侗,3
唨,1
寮,4
尐,79
扤,2
礫,4
緙,1
肘,12
虢,1
躁,27
迆,1
闡,11
락,1
릭,1
칵,1
킥,1
킾,1
해,2
𝑎,1
𝗮,1
‧,131
暨,5
濾,16
🎄,1
📷,1
🔭,1
😋,1
🙃,1
抨,13
儂,5
圳,30
９,131
０,260
尉,9
葵,22
隧,50
囿,4
佣,10
喔,18
嗟,10
恒,36
硫,3
磺,1
稜,5
跎,4
蹉,3
嗲,22
棒,47
娥,9
恬,2
愎,2
琼,12
豹,15
吩,14
咐,16
怵,4
撬,6
甦,1
紊,2
菊,20
諭,9
釜,6
隅,2
侃,22
倦,42
彬,5
掖,1
薈,2
藩,8
偵,23
慤,7
緃,1
踨,1
辧,6
鐡,5
証,18
錕,3
騐,2
䅲,1
伽,14
炭,41
仕,10
衊,3
拯,47
漣,5
漪,5
瑜,10
盪,14
瞬,56
醞,2
响,48
踵,8
孵,2
眺,9
瞥,5
矜,9
肪,4
蜓,11
蜻,13
餚,4
叠,3
啄,7
壺,12
妳,19
孟,34
岑,14
庶,11
彤,22
扚,2
梧,6
榷,9
欸,3
殃,6
淹,12
溜,24
漓,13
猥,12
瑛,1
甫,19
皃,1
盍,1
辵,1
迢,5
隕,4
驄,2
鴛,13
鵡,2
鸚,3
嗬,2
挨,39
縈,5
脷,27
馮,33
冼,2
咧,379
燙,8
禿,8
緹,3
什,26
吠,13
堵,10
弛,4
瘤,8
贍,1
蹝,1
隙,16
姥,9
ß,4
 ,22
俹,1
簁,1
紉,1
芡,1
鈕,39
鎂,1
𢭃,1
么,5
擒,19
焊,5
熨,3
鴦,12
佮,5
亲,1
儍,2
冲,1
悸,7
敷,25
儈,5
鍥,3
吡,1
妞,4
霆,16
嗜,16
弼,1
禎,15
袞,1
鰲,3
喳,13
嗻,1
懿,1
箝,3
詛,5
鉗,7
❤,7
徇,1
翦,5
臻,7
俎,5
俏,16
几,14
咚,5
啐,9
弈,2
愣,8
枕,17
瞇,45
瞪,64
縝,2
脯,7
蠍,5
襪,27
靴,13
,3
呸,9
啝,2
疋,4
磡,9
耷,22
№,2
睞,2
翹,12
膺,4
咤,8
噩,12
囍,9
浚,7
澧,5
菀,2
蕊,5
来,2
詫,9
蹂,7
躪,7
渙,2
瘁,3
嫰,1
摔,17
攜,23
歃,1
鑒,7
𢱑,1
抌,6
鄺,81
醍,2
醐,2
喵,3
飼,8
帛,13
愜,2
腑,10
膜,28
倩,6
嚼,16
嫗,1
廖,19
懊,3
暏,1
朧,11
杼,7
櫥,3
瀟,21
砭,2
砵,7
硝,2
磋,4
筵,5
葭,1
蒹,1
蜀,4
諳,5
霏,3
髪,2
魷,3
鯨,10
黛,6
掕,4
渲,6
燊,4
珈,23
絮,12
堤,9
漾,2
珀,1
琥,1
盅,14
耍,29
趾,6
逞,16
酊,2
酩,2
醇,12
翠,18
訕,23
剿,6
桀,2
邂,5
睬,28
蛻,2
壬,1
妤,4
嫩,44
彥,14
暱,7
紥,27
舜,7
辮,4
顆,14
乒,5
乓,5
仝,4
恴,1
栽,11
殭,6
淑,20
遐,3
俘,6
虜,8
勳,12
唚,4
俚,7
楓,8
燉,4
燘,1
頡,18
鸛,1
\,46
{,17
|,8
},17
Δ,4
μ,2
σ,2
ì,1
㨢,3
丞,5
夌,5
岌,31
拂,13
晃,43
淩,1
痢,1
笆,1
綾,2
翅,36
閑,7
膳,7
蕾,27
跋,3
丙,18
杏,9
颶,1
⁴,1
顥,1
黌,1
魘,3
姍,2
洽,3
釁,8
鎗,5
餬,2
ɔ,2
θ,2
倌,4
囹,1
圄,1
妍,4
孮,2
戳,4
暄,3
沆,2
泵,3
瀸,1
烽,4
燎,1
犢,6
砥,2
礪,1
穫,8
艺,1
阮,3
雯,21
髦,3
鵠,1
黯,5
扳,11
盃,64
秉,8
騁,2
広,3
滘,1
辞,3
潚,2
覇,2
譚,34
＄,16
％,53
８,80
〖,5
〗,5
紂,3
寰,7
瀛,4
熵,1
🌲,1
☆,13
囈,9
埲,5
宝,3
杠,1
氟,1
笛,23
鈎,4
銼,1
鰭,1
慟,3
灸,1
銖,5
錙,3
椎,2
檎,2
芋,2
韁,2
内,6
効,1
硃,1
喼,22
詁,6
㦸,2
浦,16
蕃,13
侄,1
亥,2
侯,34
拭,8
碴,1
鬨,4
鰍,2
誔,1
咓,3
挾,6
莞,16
蔃,1
寅,7
°,12
减,1
嗶,3
猩,12
姣,15
胭,12
会,8
写,3
恵,4
戯,1
湾,1
溪,10
濠,6
皈,2
礼,2
綏,1
脗,1
＆,17
㾻,1
仄,68
叶,11
咑,1
滸,6
濛,6
濱,7
瀲,1
灩,1
燾,12
睺,1
虯,2
蟠,1
軾,2
魏,6
☺,5
幢,18
酪,2
😝,1
𢴇,1
灼,11
訏,1
鬯,3
兢,18
唁,1
帑,2
滬,2
邵,1
慄,24
①,57
②,47
③,37
④,21
⑤,20
⑥,15
⑦,10
⭐,9
🍅,4
綽,14
←,7
炳,12
卯,1
厥,4
蒐,2
佃,1
噢,41
滓,3
熏,3
踪,3
銬,6
函,17
奬,7
鋌,1
齌,2
飴,4
㷫,5
倨,1
咱,3
掐,2
盯,14
緘,2
褻,9
咕,25
嫦,6
痺,9
蝗,36
蛾,5
酚,1
両,6
扉,2
痊,1
忿,20
桿,15
槓,8
莽,4
諎,1
卿,23
曇,4
靡,20
匾,4
惆,6
榕,7
湛,3
蕞,1
槃,2
🐓,1
俸,2
参,1
扔,4
瀏,10
聡,4
聴,1
葫,11
蘆,14
餉,2
𡁬,2
羈,20
卧,4
㖭,29
喞,1
坷,3
煤,10
燼,12
芭,9
跤,2
鼆,5
嘭,11
炯,12
爍,18
簷,5
鞘,4
夸,2
媧,3
浙,6
睦,3
窯,1
羿,1
臍,4
誑,1
墻,1
浹,2
濯,1
笙,5
釵,4
鷺,1
忤,2
恣,2
棱,1
籮,6
軼,1
骼,5
劊,4
捋,2
禠,2
萍,3
韙,1
❓,1
罊,1
蛤,4
遡,3
鮑,15
🌜,2
𢯎,1
抛,1
𠒇,12
緲,3
縹,4
𠺝,1
喧,17
挲,1
鴆,1
黝,4
渝,2
睿,4
窈,2
窕,2
諜,7
🏽,6
🙆,2
🤷,3
🎁,1
🎂,1
🎉,1
丕,2
妾,2
株,6
窟,4
篸,1
邑,5
鄒,1
鄹,1
隋,7
♥,5
🙄,6
愾,2
蠶,5
隘,3
摀,2
喬,10
忪,4
臾,1
鉸,4
闔,5
哇,50
衹,4
説,1
賒,9
鵪,3
鶉,3
咆,15
 ,14
佻,8
剮,1
匍,5
匐,5
叼,4
吁,7
吆,6
吭,10
呯,21
呷,9
啕,4
嗄,16
嗆,2
嗝,2
嗨,10
嘖,49
嘷,1
噗,14
噫,4
噯,3
墅,8
娼,6
媛,1
峋,1
嶙,1
幌,5
怔,33
拚,15
揖,11
搔,20
摵,4
擻,4
晌,15
暪,17
梓,89
棗,9
涎,10
滂,2
犲,1
猢,1
猻,1
獪,5
獰,17
甕,3
畿,3
瘠,2
皚,2
瞌,6
瞼,4
簸,5
糅,1
縻,1
繭,2
腆,12
臠,2
舔,33
藹,12
螻,5
誹,4
謗,4
賅,5
軑,5
霹,10
靂,10
靦,10
靶,12
顎,2
騖,1
驀,6
鯊,43
＼,4
孜,4
峴,1
徠,2
毗,1
眩,3
蟄,1
偕,10
圜,5
悚,10
掔,1
栗,5
珞,2
璧,8
瓔,2
盹,1
眯,3
腮,9
蛀,6
詰,2
誒,4
趟,7
趴,6
蹙,1
躺,12
輛,4
霽,1
玟,1
皓,2
兀,1
隷,1
吝,4
摻,1
茁,2
觴,1
棹,1
櫫,1
佞,1
☹,8
😍,3
😔,2
🤔,3
氮,7
箏,2
猿,4
曚,1
瀝,10
癇,1
ū,416
洳,1
♡,2
す,19
ど,4
ツ,1
椿,2
様,3
澪,1
韭,2
颼,2
﹣,22
竪,3
飪,1
儉,6
ざ,1
め,4
만,1
받,1
복,1
새,1
세,1
요,4
으,1
이,1
嘀,2
嘚,2
黷,1
𠺢,7
禀,2
蒞,19
蒿,1
踝,1
颯,3
嫖,21
枴,4
舅,7
呑,1
😏,1
娉,1
婀,1
婷,6
嬈,1
憨,3
瓠,1
綺,6
螓,1
※,10
⑧,2
せ,3
れ,2
を,7
为,7
习,2
书,2
乱,2
从,2
仨,1
价,2
众,3
体,5
侷,2
儿,1
关,1
冗,13
剋,11
势,2
匈,3
卍,4
叙,3
叵,2
叹,2
吮,1
员,2
啻,2
喙,3
噤,7
嚷,6
圏,3
坤,9
埸,1
墾,1
壴,1
妣,1
嫵,7
嫻,6
实,9
寇,3
对,4
将,1
届,1
属,1
岂,1
岫,1
岬,1
岱,1
崔,19
巍,6
帐,1
帚,4
带,2
张,2
强,2
彊,5
录,1
忐,3
忑,3
忒,1
忧,1
忳,1
怀,1
总,1
悌,1
您,7
悽,4
惊,1
惴,10
愀,6
愴,4
憩,5
懦,27
戍,1
戕,1
戾,6
抿,5
捫,1
掄,1
掏,6
揺,2
搁,3
搥,2
摶,4
摷,12
摹,3
撑,3
攫,7
敕,2
敝,9
无,4
时,6
显,1
晓,1
晢,2
晩,2
极,2
柚,6
梆,1
楞,1
樁,9
樫,2
殂,1
残,2
殤,1
毌,1
氫,2
沏,1
泓,4
泪,3
泱,6
淤,5
漉,4
澰,6
瀣,1
热,2
牘,2
牠,2
犁,31
状,1
独,2
獷,2
瑄,1
璞,5
畔,6
疴,1
癟,2
眢,1
睨,3
睽,6
瞧,2
硤,9
碍,1
祺,2
稠,3
窘,12
笈,4
笔,2
箴,2
箸,4
簌,2
糉,13
糭,25
糴,4
紕,3
縷,5
终,3
给,5
耑,4
聒,1
脖,3
腋,1
腴,1
膶,3
节,1
荡,1
荣,2
莓,14
蔻,2
蕪,7
藻,3
蘑,1
蚣,1
蜈,1
袒,6
装,1
裘,2
裴,2
褐,3
襠,1
襤,1
覲,2
见,3
觉,2
詆,6
諂,1
諛,1
謾,4
认,2
记,3
论,2
评,4
诛,1
话,5
语,4
说,1
请,1
谐,1
豊,13
豕,1
貅,4
貔,4
貽,1
賂,14
质,1
踁,1
踘,1
踮,2
蹹,1
躇,15
躊,15
軋,5
车,1
还,4
进,5
远,1
连,1
邓,1
醴,1
鈿,2
鉴,1
錡,1
鏗,7
鏘,10
鑠,1
针,1
钞,1
长,6
问,1
闹,1
阁,1
险,1
随,2
难,3
霪,1
靄,2
预,1
题,1
风,1
驢,5
鬢,5
鴕,2
鵬,11
鶩,7
齜,1
＇,4
Ｚ,26
ａ,9
ｂ,1
ｃ,4
ｅ,21
ｆ,5
ｇ,9
ｈ,8
ｉ,13
ｋ,3
ｌ,4
ｍ,2
ｎ,13
ｏ,16
ｐ,6
ｒ,10
ｓ,9
ｔ,13
ｕ,4
ｖ,4
ｗ,1
ｙ,2
ｚ,4
Č,1
ř,1
▶,1
东,3
丽,3
偌,2
冢,4
决,2
击,1
匕,2
咨,10
唆,5
啥,2
嗓,3
圭,13
奥,1
妲,1
嫣,7
嬴,8
宦,3
峙,5
帕,4
廸,1
弧,11
彪,4
惻,7
慵,4
懍,2
捺,12
掰,2
揄,3
揶,3
搐,4
撓,9
擄,2
杀,2
杞,2
枪,1
样,1
桐,2
椰,4
檄,1
檜,2
毓,12
氓,5
气,2
氰,3
汨,6
洒,3
涂,7
涸,3
漒,2
潢,4
潸,1
环,1
瑤,22
瑩,11
瓊,29
瞅,2
称,1
篙,2
簧,3
緋,8
緞,2
约,1
纷,2
罹,2
翥,1
膀,6
膛,4
舀,19
苔,1
范,8
茜,2
获,1
菅,1
虽,2
蚓,4
蚯,4
覤,1
观,2
訐,1
詹,10
貂,1
賁,4
资,1
赛,2
赞,2
踉,1
蹌,1
軏,1
运,1
选,1
遴,2
酲,3
錚,2
鎊,4
鎚,11
银,2
错,1
间,1
阡,3
雹,1
韲,1
顱,1
騾,6
鶯,4
齏,2
齙,2
🔊,1
🔘,1
😁,3
😥,1
ø,1
ğ,2
İ,1
ı,1
Ε,1
ή,1
ί,2
α,3
γ,2
ε,4
η,1
ι,1
κ,1
λ,1
ν,2
ο,1
ρ,1
τ,1
υ,2
χ,1
ύ,1
Е,1
С,3
Т,1
Х,1
а,8
б,2
в,1
д,3
е,3
з,1
и,3
й,2
л,4
м,1
н,5
о,8
п,1
р,7
с,4
т,1
ш,1
ь,1
э,2
я,4
ү,2
ө,2
أ,1
ا,2
ة,2
ج,1
ح,1
د,2
ر,1
ش,3
ص,1
ك,1
ل,1
و,3
ي,5
ം,1
ആ,1
ഗ,1
ങ,2
ച,2
ജ,1
ദ,1
ന,5
യ,1
ര,1
ല,2
ാ,1
ി,3
ു,1
േ,1
്,5
ൾ,1
ก,1
ข,3
ค,1
ณ,1
ด,2
บ,1
พ,1
ภ,1
ย,2
ว,2
ส,3
อ,2
า,1
ิ,1
ุ,2
เ,3
​,2
‘,11
↓,2
↖,1
↗,1
↘,2
↙,2
ぐ,2
ず,3
へ,2
よ,4
ェ,1
オ,1
シ,3
ホ,2
ム,2
ャ,1
业,2
义,1
亿,1
们,3
偃,2
偎,3
兴,1
冏,1
况,2
划,4
剌,1
办,2
华,3
发,3
吂,1
听,1
咔,10
喏,3
噥,5
嚓,8
囌,2
囝,11
场,1
坂,2
坚,1
声,2
复,1
奋,1
奎,4
妁,2
娓,8
嬤,4
寻,1
岗,1
广,1
应,4
开,1
异,1
弃,1
归,1
悴,7
惦,1
愿,3
憊,5
憔,7
懨,1
戛,3
护,2
拥,1
捌,18
捜,2
揉,8
旌,1
暁,1
机,2
枹,1
梢,1
梦,1
楨,4
毕,2
汕,5
洙,2
济,1
灭,1
灯,2
煬,3
爱,1
现,3
痱,5
皂,5
礡,3
祂,4
窓,2
紧,3
縶,1
线,1
细,1
经,2
结,1
络,1
绝,1
翟,4
联,1
胁,1
苯,1
茱,1
萸,1
蔚,6
蕙,9
蜚,1
蜢,11
裳,1
諢,1
譟,5
让,2
证,1
该,3
课,1
贵,1
蹓,2
輋,1
轨,1
这,2
适,1
逊,1
酣,4
酥,5
醛,1
释,1
鍚,10
鎧,1
鏹,1
鐳,2
雌,7
霖,1
顺,1
餾,2
馈,1
騭,1
鬈,7
鯽,4
鱂,1
鲘,1
麋,1
黍,1
감,2
강,1
건,1
난,1
니,2
다,2
사,2
샤,2
어,5
예,1
오,2
은,1
좋,1
태,1
합,2
︳,1
â,2
è,3
ê,4
ô,3
û,5
ō,3
ง,1
ม,1
ล,1
แ,1
‖,1
ね,2
ほ,1
む,4
や,1
ケ,1
ㅐ,1
ㅔ,1
㨂,1
䓤,1
丐,2
丼,1
乭,1
俳,3
偲,1
匸,14
呤,3
咫,2
哘,2
唪,8
唷,3
嗦,5
幔,1
庾,7
徂,3
恁,6
扱,2
揞,2
搦,2
擳,2
敎,4
沓,7
涙,1
煥,37
珮,2
産,1
癐,3
碇,2
礬,2
穞,1
窂,1
筱,2
篱,2
縐,4
肶,1
腍,9
艮,1
菓,2
萱,1
蔴,1
蠓,1
裇,3
赢,2
躝,4
躹,2
鏖,2
陞,1
飊,2
驃,9
鴇,11
ꙮ,1
고,2
공,1
구,1
국,2
김,1
남,1
당,1
돼,1
를,2
매,1
먹,1
방,1
부,1
분,1
서,1
식,1
싶,1
안,1
에,1
와,1
왔,1
의,1
일,1
있,1
치,1
하,1
한,2
🇭,1
🇵,1
🎶,1
😡,4
😢,1
😮,1
😱,3
𠾴,2
𡲢,1
𢲡,4
𢳂,2
𣲷,4
𥄫,1
𨈇,1
𨤳,1
晉,1
栞,1
囗,1
𠻹,2
㗰,1
磯,1
刎,1
啋,1
婊,1
藐,3
驘,1
糠,1
╱,1
｛,1
｝,1
褚,1
😓,1
廛,1
曩,1
郡,5
ɛ,2
̌,2
亍,2
彳,2
忡,6
焯,2
煇,4
‎,23
‪,21
‬,23
樖,2
毎,1
茉,1
臀,4
町,1
頽,2
亟,1
叁,2
玖,1
貳,5
餞,1
迹,1
擤,1
咏,6
わ,1
価,1
値,1
変,1
幪,1
昩,2
観,1
弭,2
甄,2
唻,22
軻,2
邯,3
鄲,3
岐,4
畨,1
惝,1
榭,1
沱,1
湃,4
滇,1
澎,6
簪,1
绮,1
鞦,1
韆,1
顔,1
鵑,1
𠽌,2
洎,1
洵,1
茍,1
讒,1
喫,3
熹,4
彚,1
溏,2
翡,3
樵,1
琵,2
琶,2
簫,29
⇨,1
擗,1
籐,4
狪,1
絆,4
罄,3
熜,2
鏢,10
焙,2
尢,2
胴,3
駙,1
鐸,1
麝,1
伕,3
耒,1
麓,3
没,3
𠴱,1
瞽,1
崳,3
葯,1
﹖,55
㰖,1
,82
×,3
 ,15
⑨,1
⑩,1
●,13
☓,11
劌,8
勺,7
咿,13
嚢,1
姚,8
婢,1
媾,2
孻,2
徧,1
懞,1
抺,9
捻,3
泯,3
淇,1
熒,8
纓,3
羮,13
舐,4
苞,3
虻,1
蹀,1
躞,1
轔,4
鳯,3
,39
｢,55
｣,58
〔,3
〕,3
掤,1
孛,1
氖,2
溥,2
獃,1
,2
闗,1
粽,1
à,3
♪,4
♫,2
♬,2
暉,2
葆,6
贛,1
ゴ,1
蟑,1
•,1
蟆,2
謄,10
蹇,1
げ,1
ウ,2
ォ,2
チ,1
伝,1
攙,2
澆,1
蔦,1
閨,4
魍,1
魎,1
魑,2
蹩,2
紡,2
ュ,1
レ,1
憟,1
祢,13
删,1
痘,1
剽,1
勘,1
咄,6
喁,2
宄,1
槎,1
灞,1
甌,2
畝,1
睢,1
粱,1
粲,1
罡,1
諍,1
賸,1
逋,1
郢,1
鄕,1
鋏,1
韉,1
韶,3
㕭,2
䟓,1
嗅,2
怦,3
躂,6
佼,6
侏,5
勛,1
堊,1
彗,1
楔,1
槤,1
瀘,1
瘍,2
秃,4
胱,2
蚩,3
讖,3
醺,3
鏞,1
麈,1
,3
,1
璽,2
羡,2
蚤,1
々,1
欧,1
瑚,1
頼,1
尻,3
槐,2
脇,1
蚍,1
蜉,1
鏑,1
檳,18
虱,20
跆,1
邱,2
,1
涿,2
喲,20
煜,1
羚,5
,1
囁,3
捶,3
蝸,2
崑,1
撘,2
鯇,2
傞,2
刧,1
埇,1
摭,2
咃,3
杷,2
鮫,1
巿,3
嗩,1
哆,3
屄,2
肓,4
揈,4
莖,4
攣,6
涔,2
燠,2
痙,1
騸,3
	,11
剥,3
｡,40
愨,2
褊,1
㗳,2
猙,4
睩,1
雒,1
欶,2
㨃,1
䜙,1
卽,4
徛,3
懕,2
捃,2
槪,2
滕,2
澌,2
獳,1
眞,3
矖,1
砐,2
袂,1
謷,1
逳,1
净,1
尴,3
浓,1
粤,1
级,1
讲,1
谂,2
阵,1
岀,3
鈣,1
癆,1
蠆,1
貯,1
絰,1
嘎,13
摙,1
焮,1
哟,1
〝,5
〞,5
呮,1
嘑,1
囖,3
妗,1
罸,1
閙,2
佯,1
俞,1
璣,1
謏,1
蹭,2
鎩,1
麽,1
齟,1
齬,1
嗮,1
巹,1
旣,34
祁,1
藺,4
膈,1
舢,2
鯹,1
厠,2
挅,1
柸,1
噠,5
摞,2
幀,1
拄,1
燻,2
薜,2
蜷,1
⫾,1
⫿,2
⬀,1
塢,1
崽,2
寐,2
忱,2
淳,2
ã,1
ä,13
î,2
ò,2
ù,4
ā,6
ī,1
啉,1
糹,2
肨,2
胚,1
芩,2
莅,3
飩,2
僆,1
嗉,1
嚹,2
孥,2
昅,1
卌,1
趺,1
躑,1
礴,1
噖,2
噝,1
譭,2
哧,4
壆,1
孑,1
怙,1
悛,1
捂,1
旎,1
旖,1
猄,1
瞟,2
矓,3
笫,1
篋,1
蹦,4
躀,1
隼,1
顴,1
駄,3
黠,1
ｘ,4
墈,2
幃,1
撂,2
枇,1
炖,1
燄,3
疙,1
瘩,1
笳,1
靨,1
傣,1
嫡,1
狏,2
睼,1
𤝛,1
暝,1
柿,1
珏,2
緅,2
骹,2
嗥,1
悻,2
炊,1
烟,1
粼,6
鎢,1
驁,1
鰂,1
嚅,2
昷,14
砧,1
鎯,1
鐺,1
刄,1
峇,1
挒,2
濘,1
仞,1
孌,1
朣,1
沢,1
濂,2
癦,1
簣,1
肛,2
鈾,1
埴,1
戅,2
禹,1
糜,1
蕎,1
,2
滙,1
ǐ,1
⺟,1
⼀,12
⼆,1
⼈,28
⼊,2
⼝,1
⼤,4
⼰,1
⽂,1
⽅,1
⽣,1
⽤,4
⽩,1
⽭,1
⽼,1
⽽,1
⾃,3
⾄,1
⾏,1
⾒,2
⾮,2
⾯,2
⾳,3
⾸,1
⾺,1
亱,1
凖,1
嚫,1
并,1
徼,1
悞,1
箋,1
纔,1
视,1
栓,14
湘,37
縄,1
啵,3
掁,1
溻,3
𡙁,1
淅,1
攢,1
糍,1
綳,1
鷗,1
窝,1
鰥,1
燜,1
哐,1
嚶,4
揜,1
撠,1
旮,2
旯,2
繑,2
翕,3
舳,1
艫,1
踼,1
煁,1
嚱,3
洱,2
簋,1
譖,1
圑,1
嬏,1
柑,1
碉,2
礁,1
緑,1
縁,1
罨,1
膞,3
逄,2
録,1
鯪,2
瘌,1
嘓,1
噣,1
樟,1
氯,6
鉤,5
閤,1
餿,1
骴,2
呌,1
屝,1
捹,2
涶,1
癊,1
粘,2
餩,2
魴,1
鰻,1
挷,1
朴,2
枭,1
渗,1
滷,2
傚,1
孿,1
磿,1
孢,2
昺,1
韃,33
毯,1
蛆,1
😀,1
寛,1
檷,1
👍,3
💪,1
😄,1
😅,4
😈,1
😊,1
😌,2
🙈,3
🤩,1
🤯,1
🥳,1
